Model,Avg Doctor Rank,Avg Hospital Rank
equal,4.2228,11.674000000000003
linear,8.9312,11.253999999999996
exponential,23.986400000000003,24.133200000000006
